file,svmr_result
3pieces_Caterina_TACAS16.c,terminate
3pieces_Caterina_TACAS16_modif_1.c,terminate
3pieces_Caterina_TACAS16_modif_2.c,unknown
3pieces_Caterina_TACAS16_modif_3.c,terminate
4NestedWith2Variables_false-no-overflow.c,unknown
4NestedWith3Variables_false-no-overflow.c,unknown
AliasDarteFeautrierGonnord-SAS2010-counterex1a_false-no-overflow.c,unknown
AliasDarteFeautrierGonnord-SAS2010-cousot9_true-termination_true-no-overflow.c,unknown
AliasDarteFeautrierGonnord-SAS2010-rsd_true-termination.c,unknown
AliasDarteFeautrierGonnord-SAS2010-speedFails4_true-termination.c,unknown
AliasDarteFeautrierGonnord-SAS2010-speedpldi2_true-termination_true-no-overflow.c,unknown
AliasDarteFeautrierGonnord-SAS2010-speedpldi3_true-termination_true-no-overflow.c,failed
AliasDarteFeautrierGonnord-SAS2010-wise_true-termination_true-no-overflow.c,terminate
Ben-Amram-2010LMCS-Ex2.3-alloca_true-termination-modified1.c,terminate
Ben-Amram-2010LMCS-Ex2.3-alloca_true-termination-modified2.c,terminate
Ben-Amram-2010LMCS-Ex2.3-alloca_true-termination.c,terminate
BradleyMannaSipma-ICALP2005-Fig1_true-termination.c,unknown
Cairo_true-no-overflow_true-termination_true-valid-memsafety.c,terminate
ChawdharyCookGulwaniSagivYang-ESOP2008-aaron12_false-no-overflow.c,failed
ChawdharyCookGulwaniSagivYang-ESOP2008-aaron4_true-termination.c,unknown
ChawdharyCookGulwaniSagivYang-ESOP2008-aaron6_true-termination.c,failed
ChenFlurMukhopadhyay-SAS2012-Ex1.01_false-no-overflow-version1.c,terminate
ChenFlurMukhopadhyay-SAS2012-Ex1.01_false-no-overflow-version2.c,unknown
ChenFlurMukhopadhyay-SAS2012-Ex1.01_false-no-overflow-version3.c,unknown
ChenFlurMukhopadhyay-SAS2012-Ex1.01_false-no-overflow-version4.c,unknown
ChenFlurMukhopadhyay-SAS2012-Ex1.01_false-no-overflow-version5.c,unknown
ChenFlurMukhopadhyay-SAS2012-Ex1.01_false-no-overflow-version6.c,unknown
ChenFlurMukhopadhyay-SAS2012-Ex1.01_false-no-overflow.c,terminate
ChenFlurMukhopadhyay-SAS2012-Ex1.02_false-no-overflow.c,terminate
ChenFlurMukhopadhyay-SAS2012-Ex2.06_false-no-overflow.c,failed
ChenFlurMukhopadhyay-SAS2012-Ex2.13_true-termination.c,terminate
ChenFlurMukhopadhyay-SAS2012-Ex4.01_false-no-overflow-simpl.c,unknown
ChenFlurMukhopadhyay-SAS2012-Ex4.01_false-no-overflow-version1.c,failed
ChenFlurMukhopadhyay-SAS2012-Ex4.01_false-no-overflow-version2.c,failed
ChenFlurMukhopadhyay-SAS2012-Ex4.01_false-no-overflow.c,failed
CookSeeZuleger-TACAS2013-Fig1_true-termination_true-no-overflow.c,terminate
CookSeeZuleger-TACAS2013-Fig7a-true-termination_true-no-overflow.c,terminate
CookSeeZuleger-TACAS2013-Fig7b-true-termination_true-no-overflow.c,unknown
CookSeeZuleger-TACAS2013-Fig8a-modified_true-termination_true-no-overflow.c,terminate
Copenhagen_disj_true-termination_true-valid-memsafety.c,failed
Copenhagen_disj_true_version.c,failed
Copenhagen_true-no-overflow_true-termination_true-valid-memsafety.c,unknown
Et1_false-no-overflow_true-termination.c,unknown
Gothenburg_false-no-overflow.c,failed
Gothenburg_v2_false-no-overflow.c,unknown
Gothenburg_v3_false-no-overflow.c,failed
Gothenburg_v4_false-no-overflow.c,failed
GulavaniGulwani-CAV2008-Fig1a_true-termination.c,unknown
GulwaniJainKoskinen-PLDI2009-Fig1_true-termination-version1.c,unknown
GulwaniJainKoskinen-PLDI2009-Fig1_true-termination-version2.c,unknown
GulwaniJainKoskinen-PLDI2009-Fig1_true-termination.c,unknown
HeizmannHoenickeLeikePodelski-ATVA2013-Fig2_true-termination-version.c,terminate
HeizmannHoenickeLeikePodelski-ATVA2013-Fig2_true-termination.c,unknown
HeizmannHoenickeLeikePodelski-ATVA2013-Fig5_true-termination_true-no-overflow-version.c,unknown
HeizmannHoenickeLeikePodelski-ATVA2013-Fig5_true-termination_true-no-overflow.c,unknown
HeizmannHoenickeLeikePodelski-ATVA2013-Fig8_true-termination-version.c,terminate
HeizmannHoenickeLeikePodelski-ATVA2013-Fig8_true-termination.c,terminate
HeizmannHoenickeLeikePodelski-ATVA2013-Fig9_true-termination-version.c,terminate
HeizmannHoenickeLeikePodelski-ATVA2013-Fig9_true-termination.c,terminate
Lobnya-Boolean-Reordered_true-termination_true-valid-memsafety.c,unknown
Masse-VMCAI2014-Fig1a_true-termination.c,failed
Masse-VMCAI2014-Fig1b_true-termination-version-1.c,unknown
Masse-VMCAI2014-Fig1b_true-termination-version-2.c,unknown
Masse-VMCAI2014-Fig1b_true-termination.c,unknown
McCarthyIterative_true-termination_true-no-overflow.c,unknown
MenloPark_true-no-overflow_true-termination_true-valid-memsafety-modif.c,unknown
MenloPark_true-no-overflow_true-termination_true-valid-memsafety.c,unknown
Mysore_false-no-overflow.c,terminate
NoriSharma-2013FSE-Fig8-true-termination-modif.c,unknown
NoriSharma-2013FSE-Fig8-true-termination.c,unknown
Nyala-2lex_true-no-overflow_true-termination_true-valid-memsafety-version.c,terminate
Nyala-2lex_true-no-overflow_true-termination_true-valid-memsafety.c,terminate
Parallel_true-no-overflow_true-termination_true-valid-memsafety.c,terminate
Piecewise_true-no-overflow_true-termination_true-valid-memsafety.c,terminate
PodelskiRybalchenko-LICS2004-Fig2_true-termination-modif1.c,unknown
PodelskiRybalchenko-LICS2004-Fig2_true-termination-modif2.c,failed
PodelskiRybalchenko-LICS2004-Fig2_true-termination-simpl.c,failed
PodelskiRybalchenko-LICS2004-Fig2_true-termination.c,failed
PodelskiRybalchenko-TACAS2011-Fig4_true-termination_true-no-overflow.c,terminate
PodelskiRybalchenko-VMCAI2004-Ex1_false-no-overflow-version.c,unknown
PodelskiRybalchenko-VMCAI2004-Ex1_false-no-overflow.c,unknown
PodelskiRybalchenko-simpl1.c,unknown
PodelskiRybalchenko-simpl2.c,unknown
PodelskiRybalchenko-simpl3.c,unknown
Problem00_label00_true-unreach-call-toy.c,failed
Pure2Phase_false-no-overflow.c,terminate
Pure2Phase_true-termination_true-valid-memsafety.c,terminate
Pure3Phase_false-no-overflow.c,failed
Singapore_false-no-overflow-version.c,terminate
Singapore_false-no-overflow.c,unknown
TelAviv-Amir-Minimum-alloca_true-termination.c,terminate
Thun_false-no-overflow.c,unknown
Toulouse-BranchesToLoop-alloca_true-termination.c,unknown
UrbanMine-ESOP2014-Fig3_true-termination_true-no-overflow.c,terminate
aaron3_false-no-overflow-version.c,failed
aaron3_false-no-overflow.c,unknown
aaron3_true-termination_true-valid-memsafety.c,nonterminate
aviad_true-termination_true-no-overflow-version1.c,terminate
aviad_true-termination_true-no-overflow-version2.c,terminate
aviad_true-termination_true-no-overflow-version3.c,terminate
aviad_true-termination_true-no-overflow.c,terminate
b.03-no-inv_assume_true-termination_true-no-overflow.c,terminate
b.10_true-termination_true-no-overflow.c,terminate
b.11_true-termination_true-no-overflow-simpl.c,failed
b.11_true-termination_true-no-overflow.c,unknown
c.07_true-termination_true-no-overflow-simpl.c,failed
c.07_true-termination_true-no-overflow.c,failed
determ_term_1.c,unknown
determ_term_2.c,unknown
determ_term_3.c,unknown
determ_term_4.c,unknown
determ_term_5.c,unknown
determ_term_6.c,failed
determ_term_7.c,failed
determ_term_8.c,failed
eca_bounded_core.c,failed
ex1_false-no-overflow_true-termination.c,unknown
for_bounded_loop1_false-unreach-call_true-termination-simplified.c,unknown
genady_true-termination_true-no-overflow-version.c,terminate
genady_true-termination_true-no-overflow.c,terminate
java_AG313_true-termination_true-no-overflow.c,unknown
min_rf-alloca_true-termination.c,failed
nonlin_div_term_1.c,terminate
nonlin_div_term_2.c,terminate
nonlin_jump_over_1_term.c,unknown
nonlin_mod_term_1.c,terminate
nonlin_mod_term_2.c,terminate
nonlin_mod_term_3.c,terminate
nonlin_mod_term_4.c,terminate
nonlin_mult_term_1.c,unknown
nonlin_mult_term_2.c,unknown
nonlin_mult_term_3.c,unknown
nonlin_mult_term_4.c,unknown
nonlin_mult_term_5.c,terminate
nonlin_mult_term_6.c,terminate
nonlin_mult_term_7.c,terminate
nonlin_mult_term_8.c,failed
nonlin_mult_term_9.c,terminate
term_01.c,terminate
term_02.c,unknown
term_03.c,failed
term_04.c,unknown
term_05.c,terminate
term_06.c,unknown
term_07.c,failed
term_08.c,unknown
term_09.c,unknown
term_10.c,unknown
term_11.c,failed
term_12.c,terminate
term_13.c,unknown
term_14.c,failed
term_15.c,terminate
term_16.c,unknown
term_17.c,failed
term_18.c,unknown
term_19.c,unknown
term_20.c,unknown
term_21.c,unknown
term_22.c,failed
term_23.c,unknown
term_24.c,terminate
term_25.c,failed
term_26.c,unknown
term_27.c,failed
term_28.c,unknown
term_29.c,unknown
transform_1.c,failed
trex03_false-unreach-call_true-termination-modif.c,unknown
trex03_false-unreach-call_true-termination-simpl.c,unknown
trex03_false-unreach-call_true-termination.c,unknown
