source,kind,name,coord,decl
EvolveTerm/data/SVC25_c/Fibonacci01-2.c,Typename,,:0:1,const char *
EvolveTerm/data/SVC25_c/Fibonacci01-2.c,Typename,,:0:1,const char *
EvolveTerm/data/SVC25_c/Fibonacci01-2.c,Typename,,:0:1,const char *
EvolveTerm/data/SVC25_c/linear-inequality-inv-d.c,Typename,,:0:1,const char *
EvolveTerm/data/SVC25_c/linear-inequality-inv-d.c,Typename,,:0:1,const char *
EvolveTerm/data/SVC25_c/linear-inequality-inv-d.c,Typename,,:0:1,const char *
EvolveTerm/data/SVC25_c/linear-inequality-inv-c.c,Typename,,:0:1,const char *
EvolveTerm/data/SVC25_c/linear-inequality-inv-c.c,Typename,,:0:1,const char *
EvolveTerm/data/SVC25_c/linear-inequality-inv-c.c,Typename,,:0:1,const char *
EvolveTerm/data/SVC25_c_aug/linear-inequality-inv-d_aug1.c,Typename,,:0:1,const char *
EvolveTerm/data/SVC25_c_aug/linear-inequality-inv-d_aug1.c,Typename,,:0:1,const char *
EvolveTerm/data/SVC25_c_aug/linear-inequality-inv-d_aug1.c,Typename,,:0:1,const char *
EvolveTerm/data/SVC25_c_aug/Fibonacci01-2_aug2.c,Typename,,:0:1,const char *
EvolveTerm/data/SVC25_c_aug/Fibonacci01-2_aug2.c,Typename,,:0:1,const char *
EvolveTerm/data/SVC25_c_aug/Fibonacci01-2_aug2.c,Typename,,:0:1,const char *
EvolveTerm/data/SVC25_c_aug/Fibonacci01-2_aug3.c,Typename,,:0:1,const char *
EvolveTerm/data/SVC25_c_aug/Fibonacci01-2_aug3.c,Typename,,:0:1,const char *
EvolveTerm/data/SVC25_c_aug/Fibonacci01-2_aug3.c,Typename,,:0:1,const char *
EvolveTerm/data/SVC25_c_aug/Fibonacci04_aug3.c,Typename,,:0:1,const char *
EvolveTerm/data/SVC25_c_aug/Fibonacci04_aug3.c,Typename,,:0:1,const char *
EvolveTerm/data/SVC25_c_aug/Fibonacci04_aug3.c,Typename,,:0:1,const char *
EvolveTerm/data/SVC25_c_aug/linear-inequality-inv-c_aug1.c,Typename,,:0:1,const char *
EvolveTerm/data/SVC25_c_aug/linear-inequality-inv-c_aug1.c,Typename,,:0:1,const char *
EvolveTerm/data/SVC25_c_aug/linear-inequality-inv-c_aug1.c,Typename,,:0:1,const char *
EvolveTerm/data/SVC25_c_aug/linear-inequality-inv-c_aug2.c,Typename,,:0:1,const char *
EvolveTerm/data/SVC25_c_aug/linear-inequality-inv-c_aug2.c,Typename,,:0:1,const char *
EvolveTerm/data/SVC25_c_aug/linear-inequality-inv-c_aug2.c,Typename,,:0:1,const char *
EvolveTerm/data/SVC25_c_aug/linear-inequality-inv-d_aug2.c,Typename,,:0:1,const char *
EvolveTerm/data/SVC25_c_aug/linear-inequality-inv-d_aug2.c,Typename,,:0:1,const char *
EvolveTerm/data/SVC25_c_aug/linear-inequality-inv-d_aug2.c,Typename,,:0:1,const char *
EvolveTerm/data/SVC25_c_aug/Fibonacci04_aug2.c,Typename,,:0:1,const char *
EvolveTerm/data/SVC25_c_aug/Fibonacci04_aug2.c,Typename,,:0:1,const char *
EvolveTerm/data/SVC25_c_aug/Fibonacci04_aug2.c,Typename,,:0:1,const char *
EvolveTerm/data/SVC25_c_aug/Fibonacci01-2_aug1.c,Typename,,:0:1,const char *
EvolveTerm/data/SVC25_c_aug/Fibonacci01-2_aug1.c,Typename,,:0:1,const char *
EvolveTerm/data/SVC25_c_aug/Fibonacci01-2_aug1.c,Typename,,:0:1,const char *
EvolveTerm/data/SVC25_c_aug/Fibonacci04_aug1.c,Typename,,:0:1,const char *
EvolveTerm/data/SVC25_c_aug/Fibonacci04_aug1.c,Typename,,:0:1,const char *
EvolveTerm/data/SVC25_c_aug/Fibonacci04_aug1.c,Typename,,:0:1,const char *
EvolveTerm/data/SVC25_c_aug/linear-inequality-inv-d_aug3.c,Typename,,:0:1,const char *
EvolveTerm/data/SVC25_c_aug/linear-inequality-inv-d_aug3.c,Typename,,:0:1,const char *
EvolveTerm/data/SVC25_c_aug/linear-inequality-inv-d_aug3.c,Typename,,:0:1,const char *
